,userID,movieID,rating,timestamp
1013,15,193,1.0,1193435347
1016,15,208,1.5,1193435482
1071,15,442,1.0,1193435522
1174,15,1092,2.5,1193436089
1188,15,1173,3.0,1193435335
1290,15,1483,3.0,1193435343
1407,15,2115,4.0,1193435562
1640,15,3448,2.5,1193436085
2063,15,7265,3.5,1193435338
2194,15,45950,3.0,1169616283
2662,16,50,4.5,1178364904
2663,16,318,4.0,1178364881
2665,16,527,4.0,1178364921
2668,16,1704,5.0,1178363907
2669,16,1961,3.5,1178364916
2684,16,4995,4.5,1178364909
2687,16,6016,4.0,1178364961
6501,35,24,2.5,1174450075
6502,35,230,1.5,1174450069
6503,35,247,3.0,1174450074
6504,35,468,4.0,1174450073
6505,35,724,2.0,1174450068
6506,35,838,4.0,1174450072
6507,35,914,1.5,1174450057
6508,35,1029,1.5,1174450070
6509,35,1047,1.5,1174450053
6510,35,1188,0.5,1174450079
6511,35,1231,1.5,1174450076
6512,35,1249,2.5,1174450052
6513,35,1267,1.0,1174450054
6514,35,2105,3.5,1174450064
6515,35,2278,4.0,1174450063
6516,35,2289,3.5,1174450061
6517,35,2336,2.0,1174450051
6518,35,2968,0.5,1174450080
6519,35,3072,5.0,1174450056
6520,35,3755,2.5,1174450059
9713,68,1,4.0,1194741818
9716,68,150,4.0,1194743603
9720,68,356,4.0,1194741632
9722,68,380,4.0,1194741556
9725,68,468,3.0,1194740982
9727,68,500,4.0,1194741805
9728,68,527,3.5,1194741627
9730,68,541,3.5,1194741800
9732,68,587,4.0,1194743787
9733,68,590,3.5,1194741795
9734,68,592,3.5,1194741615
9742,68,933,3.5,1194741164
9743,68,934,3.5,1194741234
9744,68,953,4.0,1194742690
9746,68,1073,3.0,1194743811
9747,68,1097,4.0,1194742498
9748,68,1185,3.5,1194741096
9750,68,1197,3.5,1194742491
9752,68,1200,3.5,1194741774
9753,68,1231,4.0,1194740988
9754,68,1265,4.5,1194741536
9755,68,1270,4.0,1194742462
9758,68,1292,4.0,1194741068
9762,68,1409,3.5,1194741082
9763,68,1580,4.0,1194743774
9764,68,1608,4.0,1194743647
9766,68,1923,4.0,1194741764
9770,68,2384,2.5,1194741124
9773,68,2469,3.5,1194741217
9775,68,2746,3.5,1194741010
9776,68,2762,4.0,1194742454
9778,68,2791,3.5,1194742620
9779,68,2797,3.5,1194742605
9782,68,3072,3.5,1194740954
9785,68,3510,4.5,1194741025
9786,68,3578,2.5,1194743883
9787,68,3699,4.0,1194741198
9788,68,3755,3.0,1194740965
9789,68,4187,4.0,1194741383
9790,68,4306,4.5,1194741735
9791,68,4886,3.5,1194741657
9792,68,4963,3.5,1194744286
9794,68,4993,5.0,1194741498
9797,68,5299,3.5,1194744599
9798,68,5349,4.0,1194742561
9799,68,5418,3.5,1194741843
9801,68,5952,5.0,1194741508
9802,68,5989,4.0,1194742532
9804,68,6218,3.5,1194744481
9805,68,6297,3.5,1194744514
9807,68,6377,3.0,1194741828
9809,68,6863,3.5,1194744593
9810,68,6874,1.0,1194741643
9811,68,7147,3.5,1194741823
9812,68,7153,5.0,1194741503
9813,68,7361,3.0,1194741682
9814,68,8360,4.5,1194744465
9815,68,8529,3.0,1194742776
9819,68,8961,4.0,1194742060
9820,68,8972,4.0,1194741870
9822,68,26562,4.0,1194741909
9824,68,30749,3.0,1194742092
9825,68,30812,3.0,1194742744
9828,68,31685,4.0,1194744606
9829,68,33004,2.5,1194741316
9830,68,45431,3.5,1194744575
9831,68,45517,3.5,1194744487
9833,68,46976,3.5,1194744213
12018,76,45,5.0,1194384499
12019,76,303,3.0,1194384318
12020,76,531,3.0,1194384313
12021,76,915,4.0,1194384411
12022,76,954,4.0,1194384386
12023,76,1096,4.5,1194384460
12024,76,1185,3.5,1194384373
12025,76,1269,3.5,1194384328
12026,76,1449,4.0,1194384361
12027,76,2020,4.5,1194384299
12028,76,2087,3.5,1194384353
12029,76,2336,4.0,1194384281
12030,76,2948,4.0,1194384341
12031,76,3671,3.5,1194384277
12032,76,3911,4.0,1194384275
12033,76,3988,2.0,1194384399
12034,76,4321,4.5,1194384338
12035,76,44694,4.5,1194384512
12036,76,49530,3.5,1194384470
12037,76,54259,3.5,1194384451
12040,77,10,3.0,1183844529
12050,77,111,4.0,1183920234
12052,77,161,2.0,1183844506
12082,77,500,3.0,1183920204
12085,77,586,1.5,1183920099
12094,77,608,2.0,1183844492
12096,77,720,3.0,1183512581
12100,77,745,3.0,1183512477
12106,77,924,3.5,1183920326
12114,77,1148,3.0,1183512491
12121,77,1208,3.5,1183920321
12128,77,1223,3.0,1183512498
12140,77,1387,3.5,1183920197
12141,77,1393,2.0,1183920089
12146,77,1584,1.5,1183920103
12150,77,1676,4.0,1183920299
12152,77,1704,3.0,1183844513
12157,77,1784,2.5,1183844547
12162,77,1968,3.0,1183920347
12163,77,2000,3.5,1183920251
12164,77,2001,3.5,1183920333
12166,77,2011,4.0,1183844575
12170,77,2081,3.5,1183920345
12180,77,2355,3.5,1183844537
12190,77,2600,4.0,1184948966
12195,77,2683,4.0,1183920219
12196,77,2700,4.0,1183844561
12199,77,2710,1.0,1183844524
12207,77,2918,4.5,1183844565
12212,77,2987,3.5,1183920193
12215,77,3052,4.5,1183920214
12221,77,3175,3.5,1183920264
12229,77,3408,1.5,1183844498
12230,77,3418,0.5,1183920246
12232,77,3429,3.0,1183512502
12235,77,3471,4.0,1183920231
12236,77,3527,4.0,1183920227
12244,77,3753,3.5,1183920122
12249,77,3994,4.5,1183920274
12252,77,4027,2.5,1183920127
12255,77,4246,2.0,1183920136
12265,77,4963,3.0,1183920097
12266,77,4979,2.0,1183844539
12267,77,4993,3.0,1183844467
12269,77,5218,4.0,1183920341
12274,77,5502,0.5,1183920259
12278,77,5669,0.5,1183511678
12279,77,5782,4.0,1183512622
12290,77,6365,3.0,1183844543
12292,77,6537,3.5,1183920262
12301,77,6934,2.5,1183844503
12312,77,7708,2.5,1183511703
12319,77,8368,3.0,1183844570
12321,77,8622,0.5,1183511682
12323,77,8644,2.0,1183920174
12324,77,8665,4.0,1183844557
12328,77,26492,3.5,1183511991
12329,77,26700,2.0,1183511757
12332,77,31150,3.5,1183511779
12349,77,45722,4.0,1183511846
12352,77,53894,0.5,1183511648
12616,79,1,2.0,1182994648
12617,79,2,2.5,1182994926
12618,79,7,0.5,1182995062
12619,79,150,2.5,1182994636
12620,79,260,3.0,1182994622
12621,79,344,2.0,1182994728
12622,79,356,4.0,1182994610
12623,79,367,2.5,1182994765
12624,79,468,0.5,1182555848
12625,79,480,3.0,1182994616
12626,79,519,2.0,1182556000
12627,79,587,2.5,1182994781
12628,79,588,2.5,1182994717
12629,79,592,2.5,1182994627
12630,79,648,2.5,1182994732
12631,79,736,3.0,1182994756
12632,79,778,3.0,1182994965
12633,79,780,2.5,1182994653
12634,79,924,2.0,1182994899
12635,79,1097,3.0,1182994775
12636,79,1101,2.5,1182994952
12637,79,1196,3.0,1182994723
12638,79,1210,3.0,1182994711
12639,79,1291,2.5,1182994818
12640,79,1517,0.5,1182994912
12641,79,1580,3.0,1182994786
12642,79,1721,2.5,1182994791
12643,79,1917,2.5,1182994945
12644,79,2013,2.5,1182555959
12645,79,2150,0.5,1182555847
12646,79,2422,2.0,1182556054
12647,79,2571,3.0,1182994750
12648,79,2628,3.0,1182994807
12649,79,2640,2.5,1182995057
12650,79,2641,2.5,1182555876
12651,79,2683,0.5,1182994878
12652,79,2918,3.5,1182994972
12653,79,3478,3.0,1182556148
12654,79,3578,3.0,1182994834
12655,79,3697,2.0,1182555991
12656,79,3702,2.5,1182555869
12657,79,3793,3.0,1182994903
12658,79,3864,2.5,1182556240
12659,79,4306,3.0,1182994861
12660,79,4886,3.0,1182995029
12661,79,4993,3.0,1182994849
12662,79,5349,3.0,1182995072
12663,79,5952,3.0,1182994884
12664,79,6539,2.5,1182995104
12665,79,7153,3.0,1182995012
12666,79,32031,3.5,1182556308
12667,79,39292,3.0,1182556130
12668,79,42738,2.5,1182556378
12669,79,45081,2.0,1182556482
12670,79,49530,3.5,1182556320
22648,159,10,2.5,1183519921
22649,159,25,4.5,1183519288
22650,159,34,2.0,1183519883
22651,159,47,3.5,1183519855
22652,159,50,4.5,1183519004
22653,159,62,3.5,1183519692
22654,159,72,0.5,1183519180
22655,159,76,3.0,1183518573
22656,159,110,4.0,1183519810
22657,159,111,4.0,1183518995
22658,159,150,3.5,1183519814
22659,159,165,3.5,1183519849
22660,159,180,3.0,1183519514
22661,159,231,1.5,1183519900
22662,159,253,1.5,1183519943
22663,159,260,5.0,1183518958
22664,159,265,4.0,1183519388
22665,159,296,4.5,1183518896
22666,159,318,5.0,1183518940
22667,159,329,2.5,1183519918
22668,159,344,2.0,1183519845
22669,159,349,2.0,1183519867
22670,159,356,4.0,1183519794
22671,159,364,3.5,1183519399
22672,159,367,1.5,1183519905
22673,159,377,3.0,1183519839
22674,159,380,3.0,1183519821
22675,159,434,0.5,1183519940
22676,159,457,3.0,1183519802
22677,159,480,4.0,1183519798
22678,159,491,1.5,1183518385
22679,159,497,3.5,1183519707
22680,159,500,2.0,1183519898
22681,159,527,4.5,1183518932
22682,159,539,2.0,1183519929
22683,159,541,5.0,1183518700
22684,159,587,2.5,1183519923
22685,159,589,3.5,1183519818
22686,159,592,3.0,1183519807
22687,159,593,5.0,1183518946
22688,159,597,3.0,1183519890
22689,159,608,4.0,1183518764
22690,159,733,2.5,1183519887
22691,159,745,3.5,1183519013
22692,159,780,3.5,1183519823
22693,159,799,3.0,1183518371
22694,159,800,4.5,1183519437
22695,159,858,4.0,1183518780
22696,159,903,4.0,1183519007
22697,159,904,5.0,1183518916
22698,159,908,4.0,1183518868
22699,159,912,5.0,1183518707
22700,159,913,4.0,1183518836
22701,159,923,5.0,1183518729
22702,159,933,4.5,1183518534
22703,159,1080,3.5,1183519667
22704,159,1097,3.0,1183519916
22705,159,1136,4.5,1183518852
22706,159,1148,4.0,1183519019
22707,159,1196,4.0,1183518962
22708,159,1197,4.5,1183518890
22709,159,1198,5.0,1183518903
22710,159,1204,5.0,1183518813
22711,159,1207,4.0,1183518995
22712,159,1208,4.5,1183518676
22713,159,1210,4.0,1183519833
22714,159,1213,4.0,1183518786
22715,159,1217,4.0,1183518912
22716,159,1221,4.5,1183518783
22717,159,1228,4.0,1183518901
22718,159,1233,4.0,1183518704
22719,159,1240,4.0,1183519937
22720,159,1252,5.0,1183518725
22721,159,1254,4.0,1183518995
22722,159,1262,4.5,1183518791
22723,159,1267,4.0,1183518842
22724,159,1270,4.0,1183519863
22725,159,1580,3.5,1183519595
22726,159,1586,3.0,1183518377
22727,159,1721,4.0,1183519927
22728,159,1907,3.5,1183519710
22729,159,1911,1.0,1183518395
22730,159,1952,3.5,1183519612
22731,159,1955,3.5,1183519234
22732,159,1965,4.0,1183518389
22733,159,1974,3.5,1183518591
22734,159,2000,4.0,1183519353
22735,159,2019,4.5,1183518936
22736,159,2028,4.5,1183519880
22737,159,2302,3.5,1183519734
22738,159,2329,4.5,1183518667
22739,159,2527,4.0,1183518536
22740,159,2571,4.0,1183518845
22741,159,2688,3.5,1183518403
22742,159,2762,3.0,1183519914
22743,159,2858,4.5,1183518664
22744,159,2959,3.5,1183518768
22745,159,3000,3.5,1183518894
22746,159,3019,4.0,1183518568
22747,159,3022,3.5,1183518778
22748,159,3037,4.0,1183519404
22749,159,3070,3.5,1183518550
22750,159,3089,3.5,1183518696
22751,159,3098,4.0,1183518519
22752,159,3104,2.5,1183519617
22753,159,3498,3.5,1183519611
22754,159,3551,4.0,1183519553
22755,159,3698,3.0,1183518491
22756,159,3703,4.5,1183519500
22757,159,3763,3.0,1183518579
22758,159,3836,4.0,1183519171
22759,159,4226,3.5,1183518849
22760,159,4235,3.5,1183518670
22761,159,4308,2.0,1183519684
22762,159,4327,4.5,1183519506
22763,159,4848,3.0,1183519713
22764,159,4878,4.0,1183518745
22765,159,4973,4.5,1183518660
22766,159,4993,4.5,1183518820
22767,159,5015,3.0,1183519658
22768,159,5060,4.0,1183519490
22769,159,5299,4.0,1183519731
22770,159,5952,4.5,1183518833
22771,159,5971,3.5,1183518857
22772,159,6016,3.5,1183518733
22773,159,6350,4.0,1183518710
22774,159,6711,2.5,1183519466
22775,159,6786,2.5,1183519224
22776,159,6807,3.5,1183519665
22777,159,6874,4.0,1183519198
22778,159,6942,4.0,1183519470
22779,159,7143,3.0,1183519269
22780,159,7153,4.5,1183518832
22781,159,7445,4.5,1183519537
22782,159,8645,4.0,1183519558
22783,159,8873,3.5,1183519681
22784,159,8966,1.5,1183519215
22785,159,26294,3.5,1183519761
22786,159,26662,4.0,1183519187
22787,159,27831,2.5,1183519282
22788,159,27838,4.5,1183519581
22789,159,30810,1.0,1183519374
22790,159,31878,1.5,1183519243
22791,159,36529,3.0,1183519455
22792,159,46578,4.0,1183519416
22793,159,48394,3.5,1183518878
22794,159,48516,3.5,1183518740
22795,159,51255,3.5,1183518799
23097,164,1,3.5,1179531301
23098,164,10,4.0,1182287578
23099,164,104,4.0,1180653733
23100,164,110,3.0,1182619735
23101,164,111,4.5,1182619786
23102,164,223,4.5,1182287392
23103,164,231,2.0,1179531233
23104,164,260,3.0,1179531305
23105,164,293,4.0,1178928230
23106,164,296,4.5,1182619724
23107,164,317,1.0,1178927026
23108,164,318,4.5,1182619722
23109,164,364,4.0,1179530417
23110,164,441,4.0,1182287459
23111,164,480,3.0,1182620144
23112,164,608,4.5,1182619843
23113,164,609,2.0,1178926978
23114,164,788,2.5,1178926928
23115,164,904,3.5,1179031670
23116,164,908,4.5,1178927749
23117,164,913,4.0,1179891195
23118,164,922,4.0,1179030022
23119,164,954,5.0,1182619887
23120,164,1073,4.0,1182387701
23121,164,1089,5.0,1178927475
23122,164,1136,3.5,1179533887
23123,164,1203,5.0,1178927651
23124,164,1206,5.0,1178926943
23125,164,1207,4.0,1179031702
23126,164,1208,4.0,1182287518
23127,164,1210,2.5,1182619757
23128,164,1240,2.5,1182620184
23129,164,1265,4.0,1179531237
23130,164,1285,4.0,1178927539
23131,164,1517,4.0,1179531366
23132,164,1580,3.5,1179530356
23133,164,1688,3.0,1178926883
23134,164,1704,4.0,1182287580
23135,164,1722,3.5,1178926971
23136,164,1732,3.5,1182619909
23137,164,1907,3.0,1178926953
23138,164,1923,3.5,1179530384
23139,164,1968,4.0,1179031968
23140,164,2109,4.0,1178927123
23141,164,2321,4.0,1178927517
23142,164,2683,4.0,1179531258
23143,164,2791,4.0,1179890279
23144,164,2858,4.0,1180653109
23145,164,2947,4.0,1178927090
23146,164,3114,3.5,1178926925
23147,164,3253,3.5,1179890296
23148,164,3751,3.5,1179890318
23149,164,4022,4.0,1179530376
23150,164,4027,4.0,1179031032
23151,164,4306,4.0,1178928048
23152,164,4447,3.0,1178926889
23153,164,4641,4.5,1178927454
23154,164,4878,5.0,1179890521
23155,164,4973,4.0,1182619921
23156,164,4993,3.0,1179531357
23157,164,5349,3.5,1182619938
23158,164,5418,4.0,1178927008
23159,164,5810,3.5,1178926870
23160,164,5952,2.5,1179531309
23161,164,6218,4.0,1179031139
23162,164,6331,4.5,1182619942
23163,164,6373,3.5,1179891094
23164,164,6377,3.5,1179530369
23165,164,6502,3.5,1182619905
23166,164,7153,3.0,1178927037
23167,164,8360,2.5,1182620196
23168,164,8464,4.0,1182287570
23169,164,8600,4.0,1182287586
23170,164,8636,3.0,1182619936
23171,164,8665,3.5,1179531245
23172,164,8784,5.0,1178927228
23173,164,8961,3.5,1178927070
23174,164,26974,4.0,1182619873
23175,164,33166,4.0,1182387710
23176,164,34048,3.5,1182287590
23177,164,43396,3.0,1182619927
23178,164,45728,4.0,1182287395
37028,267,47,4.5,1175984548
37029,267,50,4.0,1175984023
37030,267,260,4.5,1175984069
37031,267,296,5.0,1175984399
37032,267,318,5.0,1175984030
37033,267,441,5.0,1175983608
37034,267,593,4.0,1175984033
37035,267,849,2.5,1175982871
37036,267,1089,4.5,1175984444
37037,267,1120,4.5,1175983570
37038,267,1193,4.5,1175984026
37039,267,1208,4.0,1175984533
37040,267,1213,4.5,1175984414
37041,267,1466,3.5,1175983356
37042,267,2076,2.5,1175982862
37043,267,2236,4.5,1175983843
37044,267,2329,5.0,1175983999
37045,267,2858,5.0,1175983998
37046,267,2890,3.5,1175983333
37047,267,2915,3.5,1175982879
37048,267,2959,5.0,1175984003
37049,267,3317,4.0,1175982909
37050,267,3361,4.0,1175982888
37051,267,3404,2.0,1175983888
37052,267,3484,3.5,1175983818
37053,267,3755,3.5,1175983578
37054,267,4226,4.5,1175984017
37055,267,4878,4.0,1175984430
37056,267,5283,3.5,1179208425
37057,267,6620,3.5,1175983766
37058,267,7361,4.5,1175983991
37059,267,8784,5.0,1175982932
37060,267,30749,4.0,1175984410
37061,267,37384,4.0,1179208426
37062,267,46578,4.5,1175984433
37063,267,46976,4.0,1175984740
37064,267,47610,4.5,1175984755
37065,267,48385,3.0,1175984763
37066,267,48516,4.5,1175983955
37067,267,49272,4.0,1175984748
37068,267,50794,4.0,1179208359
38688,283,5607,4.0,1171172693
38730,283,8951,4.0,1172207440
38769,283,44195,4.0,1171172978
38770,283,45950,4.5,1171172704
38772,283,46578,4.5,1171172715
38773,283,46723,4.5,1171172769
38775,283,48394,3.0,1171172041
40033,292,5816,2.0,1176920178
44664,313,381,3.5,1168879130
44671,313,552,3.5,1168878813
44673,313,587,3.0,1168878664
44696,313,1201,2.0,1168878094
44704,313,1350,3.0,1169979961
44713,313,1594,3.0,1168879066
44716,313,1615,4.0,1168879374
44728,313,1954,4.0,1171729496
44741,313,2409,4.0,1171729500
44742,313,2410,3.5,1171729506
44757,313,2724,2.5,1168878763
44809,313,4816,4.0,1168878919
44814,313,4886,4.5,1168878351
44844,313,5785,2.5,1168879256
44847,313,5903,3.0,1168878898
44866,313,6550,3.0,1168879237
44868,313,6617,4.0,1168879226
44873,313,6944,3.5,1168879207
44887,313,7325,2.0,1168879187
44908,313,8907,3.5,1168879506
44918,313,30707,4.0,1168878424
44922,313,33166,3.5,1168878442
44926,313,35836,3.5,1168878865
44928,313,37727,3.0,1168879464
44930,313,44022,4.0,1168879445
44931,313,45210,3.0,1168878327
44932,313,45501,2.5,1168878134
44933,313,46578,3.5,1168878527
48700,356,144,3.0,1168393789
48701,356,207,3.0,1168393740
48702,356,338,2.0,1168393796
48703,356,361,4.5,1168393759
48704,356,382,2.5,1168393776
48705,356,799,3.5,1168393731
48706,356,994,3.5,1168393727
48708,356,2145,4.0,1168393706
48709,356,2231,5.0,1168393767
48711,356,2501,5.0,1168393694
48712,356,2581,3.5,1168393688
48713,356,2688,2.5,1168393754
48714,356,2707,3.0,1168393665
48715,356,2722,3.5,1168393671
48716,356,3354,5.0,1168393763
50901,377,262,4.0,1187053471
50902,377,542,3.5,1187053497
50903,377,595,4.5,1187053714
50904,377,724,5.0,1187053874
50905,377,934,3.0,1187053490
50906,377,1344,3.0,1187053434
50907,377,1848,4.0,1187053762
50908,377,2124,3.5,1187053642
50909,377,2174,2.5,1187053722
50910,377,2622,2.5,1187053517
50911,377,3754,2.0,1187053650
50912,377,4899,4.5,1187053751
50913,377,4980,4.0,1187053744
50914,377,7444,3.0,1187053630
50915,377,8666,3.5,1187053812
50916,377,30793,5.0,1187053818
50917,377,41566,4.0,1187053846
50918,377,44225,2.5,1187053684
50919,377,49647,3.5,1187053826
50920,377,52975,3.0,1187054114
50921,377,53125,2.5,1187054108
50922,377,53974,2.0,1187054127
50923,377,53993,3.0,1187053620
50924,377,54004,2.5,1187054120
50925,377,54272,3.5,1187054100
51258,380,1246,3.5,1171815872
51311,380,1748,4.0,1197778932
51485,380,3552,4.0,1197778962
51512,380,3950,4.0,1171814768
51549,380,4406,4.0,1184514649
51571,380,4878,4.0,1170867504
51626,380,5903,4.0,1197778967
51675,380,6979,4.0,1197779005
51754,380,27912,4.0,1170867664
51769,380,33154,3.5,1173473257
51795,380,36708,4.0,1171815526
51799,380,37853,3.0,1170867632
51802,380,39398,3.0,1184952665
51814,380,42725,4.0,1185810894
51818,380,43936,2.0,1176911757
51821,380,44199,4.0,1185810699
51822,380,44665,4.0,1198282619
51823,380,44761,4.5,1172374512
51824,380,44788,4.0,1176911727
51825,380,44974,4.0,1193154257
51826,380,45028,2.5,1185810768
51827,380,45186,3.5,1170867570
51828,380,45447,3.5,1171174904
51830,380,45517,3.0,1170867529
51833,380,45728,3.5,1170696076
51834,380,45732,3.0,1170696097
51835,380,45928,3.0,1185498588
51839,380,46578,4.0,1198282972
51841,380,46970,3.5,1173473238
51842,380,46976,4.0,1176911740
51843,380,47610,4.0,1172463034
51846,380,48385,3.5,1198283066
51847,380,48394,4.0,1193154423
51848,380,48516,4.0,1174961015
51849,380,48774,4.0,1170695971
51851,380,48783,3.5,1198282958
51856,380,49530,4.0,1197778816
52693,384,10,3.5,1168644826
52704,384,165,3.5,1194003698
52717,384,353,3.5,1181585615
52842,384,2716,3.5,1181585846
52859,384,3173,3.5,1171807687
52867,384,3535,2.5,1168208412
52910,384,4890,3.0,1194779997
52936,384,5609,3.0,1177679707
52982,384,6880,3.0,1182095090
52995,384,7254,3.5,1177279299
53002,384,7361,4.5,1169420653
53008,384,7448,0.5,1194687088
53013,384,7767,4.0,1188251910
53045,384,31685,3.0,1188251867
53047,384,32017,3.5,1167690416
53058,384,34150,2.5,1192397801
53061,384,34321,3.0,1186230443
53062,384,34520,3.0,1171233229
53065,384,36533,2.5,1176670883
53066,384,37382,4.0,1173045085
53073,384,39715,3.5,1168208495
53079,384,42718,3.5,1171062863
53083,384,43928,2.0,1174425297
53084,384,43932,2.0,1179698549
53094,384,45501,2.5,1188944974
53096,384,45720,3.0,1186308173
53100,384,46578,4.0,1173015121
53101,384,46965,3.0,1171807617
53103,384,46972,2.5,1194687057
53104,384,47044,3.0,1169420529
53105,384,47200,3.0,1190582038
53106,384,47610,2.5,1175991358
53108,384,48082,4.0,1169420645
53110,384,48385,1.0,1173015152
53111,384,48394,3.0,1183325591
53112,384,48516,4.0,1177279355
53113,384,48518,3.5,1183930540
53114,384,48596,3.0,1193607661
53115,384,48774,2.0,1170626730
53116,384,48780,4.5,1168208380
53117,384,48877,2.5,1174857826
53118,384,49272,4.0,1170280926
53119,384,49278,3.5,1178127751
53120,384,49286,4.0,1171807726
53121,384,49314,3.5,1193954319
53122,384,49528,2.0,1193000723
53124,384,49649,2.0,1169248121
53126,384,50189,2.5,1168644769
53127,384,50442,2.0,1182722181
53128,384,50794,4.0,1194266581
53129,384,50798,2.0,1196027197
53130,384,50872,4.0,1193607625
53131,384,51077,2.5,1189373186
53133,384,51662,3.5,1175421862
53134,384,51935,3.5,1189978923
53135,384,52281,3.5,1181584930
53136,384,52458,3.5,1191496169
53138,384,52644,3.0,1196982448
53140,384,52722,4.5,1178127807
53142,384,53121,2.5,1188944919
53143,384,53125,3.5,1180458284
53144,384,53322,3.0,1195503389
53145,384,53435,3.5,1196027153
53146,384,53464,3.0,1192397753
53147,384,53972,3.5,1194266561
53148,384,53996,4.5,1185700446
53149,384,53999,2.5,1197222113
53150,384,54001,3.0,1184453166
53151,384,54272,4.0,1189849074
53157,384,55261,3.5,1194779891
53164,384,56156,3.5,1197838881
53166,384,56286,2.0,1197222082
53749,388,370,2.5,1167703757
53754,388,432,2.5,1167703743
53763,388,466,3.0,1167703791
53812,388,912,4.0,1187550146
53885,388,1275,2.5,1167704086
54200,388,3481,4.5,1167703847
54295,388,4896,3.0,1167703989
54419,388,26729,4.5,1177872304
54444,388,41566,3.0,1167703396
54449,388,45447,3.5,1167703367
54453,388,47629,3.0,1187550128
54455,388,48696,4.0,1182628058
54456,388,49822,3.5,1167799651
54458,388,49961,3.5,1198964351
54459,388,50872,4.5,1198964476
54460,388,51884,3.5,1177872275
54461,388,53125,3.5,1182628095
54462,388,53894,4.5,1187550165
54463,388,54272,4.0,1187550052
54464,388,54286,3.5,1187550082
54465,388,55820,4.0,1198964331
58965,427,44555,4.0,1177171058
58972,427,48394,4.5,1170692369
58976,427,49824,4.0,1170609840
58977,427,51255,4.0,1179589802
58978,427,51418,1.0,1177170996
58979,427,51662,1.0,1177171099
58980,427,51884,3.5,1177171121
59225,430,1,4.0,1172908978
59228,430,10,3.5,1172908696
59230,430,21,5.0,1172909126
59234,430,34,3.5,1172909176
59239,430,110,4.0,1172908379
59240,430,141,4.0,1172909136
59242,430,150,4.0,1172908407
59243,430,153,1.0,1172908800
59244,430,185,3.5,1172909057
59246,430,231,5.0,1172908653
59248,430,253,5.0,1172908857
59250,430,292,5.0,1172908834
59252,430,296,4.5,1170411259
59253,430,316,4.0,1172908366
59256,430,344,4.0,1172908141
59257,430,349,4.5,1172908489
59258,430,356,4.5,1172908444
59259,430,357,4.0,1172909132
59260,430,364,5.0,1172908572
59261,430,367,4.0,1172908988
59263,430,380,5.0,1172908481
59265,430,454,3.0,1172909002
59266,430,457,5.0,1172908134
59267,430,480,4.0,1172908639
59270,430,500,4.0,1172908623
59271,430,539,2.0,1172909125
59273,430,555,4.5,1170411342
59274,430,587,4.0,1172908831
59275,430,588,4.5,1172908207
59276,430,589,4.5,1172908230
59277,430,590,4.0,1172908236
59278,430,592,3.5,1172908660
59281,430,595,3.5,1172908778
59282,430,597,4.0,1172908574
59283,430,608,4.0,1172908124
59284,430,648,4.5,1172909071
59286,430,665,3.0,1172909323
59288,430,733,4.0,1172908861
59289,430,736,2.0,1172908580
59291,430,745,5.0,1170411578
59293,430,780,2.5,1172908200
59294,430,858,4.5,1172908454
59295,430,968,3.5,1170411359
59297,430,1073,4.0,1172908513
59300,430,1089,4.5,1170411271
59302,430,1097,4.0,1172908345
59305,430,1148,4.5,1170411615
59308,430,1193,4.5,1172908562
59314,430,1210,5.0,1172908475
59315,430,1214,4.0,1172908713
59321,430,1265,5.0,1172908516
59322,430,1270,4.5,1172908600
59324,430,1291,4.0,1172908809
59325,430,1298,5.0,1170411372
59326,430,1393,4.5,1172909031
59328,430,1464,4.0,1170411349
59329,430,1517,3.5,1172908850
59331,430,1580,5.0,1172908672
59336,430,1704,4.5,1172909209
59337,430,1721,2.5,1172908150
59339,430,1757,3.0,1170411539
59341,430,1917,3.0,1172908967
59347,430,2012,3.5,1172909027
59352,430,2174,4.0,1172908972
59354,430,2291,5.0,1172909202
59358,430,2396,4.5,1172908429
59363,430,2628,3.0,1172908131
59364,430,2640,2.0,1172909184
59365,430,2683,4.5,1172908720
59368,430,2706,4.0,1172908728
59369,430,2710,2.0,1172908992
59373,430,2797,4.5,1172908701
59376,430,2916,5.0,1172908724
59398,430,3578,4.0,1172908348
59399,430,3581,3.5,1172909333
59400,430,3623,2.5,1172908868
59403,430,3751,3.5,1172909197
59404,430,3793,3.5,1172908160
59409,430,3948,4.5,1172909189
59411,430,3977,3.5,1172908784
59415,430,4022,3.5,1172908708
59417,430,4034,4.0,1172908224
59429,430,4873,4.5,1170411362
59431,430,4886,5.0,1172908353
59432,430,4896,3.5,1172908433
59433,430,4963,4.0,1172908359
59437,430,4995,3.5,1172909076
59440,430,5349,4.0,1172908764
59441,430,5378,3.5,1172908217
59442,430,5418,4.0,1172908339
59443,430,5445,4.5,1172908117
59449,430,5679,5.0,1170411385
59451,430,5816,3.5,1172909057
59452,430,5828,5.0,1170411378
59462,430,6365,4.0,1172908244
59467,430,6530,3.5,1170411291
59483,430,7818,2.5,1172909057
59486,430,8368,3.5,1172908648
59487,430,8622,4.0,1172908757
59491,430,8961,5.0,1172908771
59492,430,26509,4.5,1172908172
59493,430,26915,4.5,1172908485
59494,430,30793,4.5,1172909114
59495,430,32587,5.0,1170411313
59496,430,33493,3.5,1172908630
59497,430,33794,5.0,1172908493
59501,430,38061,5.0,1170411311
59503,430,40815,3.5,1172908450
59504,430,40819,1.5,1172909150
59524,430,45722,4.0,1172908591
59527,430,47254,5.0,1172908412
59528,430,48522,0.5,1172908962
59529,430,49272,5.0,1172909059
65338,465,17,5.0,1170653276
65339,465,39,4.5,1170653255
65340,465,135,1.0,1170652740
65341,465,327,3.0,1170652767
65342,465,531,3.5,1170652746
65343,465,542,0.5,1170652893
65344,465,562,3.0,1170652771
65345,465,661,4.0,1170653770
65346,465,778,5.0,1170653457
65347,465,838,5.0,1170653263
65348,465,858,5.0,1170653592
65349,465,1620,3.5,1170652847
65350,465,1895,4.5,1170652934
65351,465,1958,5.0,1170652812
65352,465,2145,4.0,1170652763
65353,465,2336,5.0,1170653408
65354,465,2375,3.0,1170652879
65355,465,2542,5.0,1170653427
65356,465,2581,3.0,1170652760
65357,465,2959,5.0,1170653589
65358,465,3107,3.0,1170652734
65359,465,3452,4.0,1170652906
65360,465,3512,3.5,1170652951
65361,465,3844,5.0,1170652953
65362,465,4011,5.0,1170653455
65363,465,4246,4.5,1170653260
65364,465,4896,4.5,1170653605
65365,465,4921,5.0,1170653523
65366,465,4995,4.0,1170653526
65367,465,5377,3.5,1170653517
65368,465,5816,4.5,1170653563
65369,465,6942,4.0,1170653399
65370,465,27706,4.0,1170653646
65371,465,30793,3.5,1170653609
65372,465,31694,1.0,1170653280
65373,465,34162,4.0,1170652940
65374,465,38798,3.0,1170653612
65375,465,40629,5.0,1170653266
65376,465,40815,4.5,1170653520
67979,472,5446,4.0,1172531320
67988,472,5618,5.0,1172531135
67991,472,5825,4.0,1172956897
68003,472,5995,4.0,1172531312
68051,472,26231,3.5,1172530533
68053,472,26729,5.0,1168889546
68055,472,32582,4.0,1172531111
68062,472,41285,3.5,1172531452
68063,472,41997,3.5,1172531439
68072,472,45730,1.0,1172530814
68074,472,46322,4.5,1172530550
68077,472,47423,4.0,1172530523
68078,472,47997,4.0,1172530800
68079,472,48319,3.5,1172530755
68081,472,49132,4.0,1172956890
68083,472,50068,4.0,1170954729
76017,529,318,4.5,1170799498
76435,529,5780,3.0,1170799405
76488,529,7156,3.5,1169130017
76555,529,38304,4.0,1169129775
76562,529,44555,4.0,1185835166
77850,540,318,5.0,1168076342
77851,540,1125,4.0,1168074085
77852,540,2643,4.0,1168075053
77853,540,2803,3.5,1168074137
77854,540,4226,4.0,1168076332
77855,540,4369,3.0,1168074098
77856,540,4558,4.0,1168075163
77857,540,4973,4.5,1168076276
77858,540,4975,4.5,1168074045
77859,540,5218,4.0,1168073989
77860,540,5309,4.5,1168075355
77861,540,5943,2.5,1168075282
77862,540,7293,4.5,1168075132
77863,540,7373,4.0,1168075070
77864,540,8783,4.5,1168075121
77865,540,8866,1.0,1168075646
77866,540,8917,1.5,1168075138
77867,540,34048,4.5,1168075097
77868,540,48516,4.5,1168076298
77869,540,48774,2.0,1168076287
78465,547,165,4.5,1175959303
78504,547,357,4.5,1175959289
78548,547,541,3.5,1198816303
78631,547,954,4.5,1187141614
78691,547,1153,3.0,1196550476
78692,547,1154,1.0,1190927827
78700,547,1183,4.5,1175959575
78772,547,1288,4.5,1198815508
78961,547,2150,4.5,1198815501
78981,547,2245,4.5,1198813548
79074,547,2689,3.5,1183502386
79121,547,2859,4.0,1198815522
79168,547,3022,4.5,1196123015
79219,547,3182,3.5,1192671757
79224,547,3199,2.0,1189650561
79267,547,3377,3.5,1186274522
79346,547,3736,4.0,1189814634
79349,547,3752,1.5,1182395350
79354,547,3809,4.5,1182394619
79374,547,3925,4.0,1198815601
79384,547,3963,0.5,1182395119
79385,547,3965,4.0,1189137495
79391,547,3989,4.5,1183860154
79398,547,4011,0.5,1182395132
79403,547,4023,1.0,1182395078
79443,547,4217,3.5,1181782959
79448,547,4235,4.5,1180756579
79510,547,4564,2.0,1198813077
79559,547,4873,3.0,1174815141
79574,547,4948,1.5,1186527898
79592,547,5012,1.5,1198816120
79628,547,5339,3.5,1175979044
79632,547,5360,2.0,1198816109
79641,547,5418,4.0,1190600897
79651,547,5521,0.5,1198814202
79674,547,5795,3.5,1182557389
79688,547,5943,1.5,1182395376
79705,547,6047,3.5,1191118021
79708,547,6064,3.5,1176002456
79709,547,6100,2.5,1198816537
79745,547,6400,3.0,1198771324
79756,547,6525,3.0,1198814182
79811,547,6953,3.0,1168388821
79812,547,6954,3.5,1181445001
79816,547,6974,3.5,1175978605
79838,547,7061,3.5,1188017785
79861,547,7125,3.5,1174742869
79880,547,7182,3.0,1192841830
79934,547,7767,4.0,1184283074
79951,547,7946,1.5,1182305168
79953,547,7958,3.5,1180619662
79956,547,7981,4.0,1173500912
79958,547,7995,3.0,1179020566
79964,547,8044,4.0,1177216869
79965,547,8056,2.5,1179447996
79980,547,8331,3.5,1195924922
79994,547,8465,2.5,1190590946
79995,547,8477,4.0,1189018966
80013,547,8612,3.5,1195185239
80015,547,8618,4.0,1191981006
80023,547,8665,3.5,1190926261
80029,547,8752,4.0,1189643388
80063,547,25788,3.0,1187478886
80079,547,25929,4.0,1189476353
80080,547,25930,3.5,1196633401
80084,547,25945,4.5,1169870000
80101,547,26163,4.0,1196044391
80105,547,26199,4.0,1196449864
80110,547,26271,4.0,1167962981
80118,547,26371,2.5,1181745612
80119,547,26391,1.5,1182395328
80124,547,26472,2.5,1167962995
80126,547,26487,2.0,1198816100
80131,547,26562,4.0,1193465893
80132,547,26564,4.0,1173477942
80138,547,26694,4.0,1168305022
80158,547,30712,4.5,1192150916
80159,547,30749,4.5,1176003361
80162,547,30820,2.5,1175917020
80165,547,31109,3.0,1183773013
80173,547,32234,4.0,1195596983
80176,547,32371,4.0,1191022455
80178,547,32582,4.0,1183767376
80179,547,32598,4.0,1182568109
80181,547,32882,2.5,1170962228
80184,547,33154,4.0,1186803062
80185,547,33166,4.0,1175824127
80186,547,33171,3.5,1187485053
80189,547,33615,3.5,1175824291
80190,547,33639,3.0,1168305106
80193,547,33836,0.5,1182394981
80197,547,34002,2.5,1170962239
80198,547,34018,3.0,1170962247
80207,547,35836,3.5,1181617188
80208,547,36152,3.0,1181745585
80210,547,37211,2.5,1170962234
80211,547,37240,2.5,1198771214
80213,547,37733,4.0,1167742468
80215,547,37855,3.0,1183666379
80219,547,38798,3.5,1168388840
80220,547,38886,2.5,1198771230
80225,547,39381,3.5,1197170460
80227,547,39419,2.5,1187754938
80231,547,40614,2.5,1198369563
80239,547,41863,4.0,1175863681
80240,547,42740,2.5,1179019671
80245,547,43910,4.0,1196556205
80246,547,43917,3.0,1168042230
80247,547,44073,2.0,1167963010
80250,547,44204,4.0,1180304622
80252,547,44555,5.0,1198810564
80253,547,44633,3.0,1199066297
80257,547,44759,1.5,1186712554
80259,547,44788,3.5,1175720567
80260,547,44864,2.5,1175824283
80267,547,45210,4.5,1198810341
80268,547,45382,3.0,1175916626
80274,547,45880,2.5,1174233338
80276,547,45950,3.5,1168042216
80279,547,46578,4.5,1197165877
80281,547,46850,3.5,1194912990
80282,547,46965,3.0,1169062380
80283,547,46976,3.0,1174233365
80288,547,47261,3.0,1190590191
80293,547,47610,3.0,1170002908
80294,547,47629,4.5,1170962261
80297,547,47950,3.5,1198368748
80298,547,47978,4.0,1195596996
80301,547,48385,3.5,1175459015
80302,547,48516,5.0,1198810579
80303,547,48560,3.0,1191258244
80304,547,48696,4.5,1197165873
80307,547,48774,4.5,1196305802
80308,547,48780,3.0,1168042121
80309,547,49132,4.0,1173795746
80310,547,49220,3.5,1195353038
80312,547,49530,3.5,1168042240
80315,547,49824,4.5,1168918389
80317,547,49961,3.5,1198799453
80321,547,51080,3.5,1197088933
80322,547,51540,4.0,1192372083
80323,547,51662,3.0,1191974550
80329,547,52722,2.5,1197166732
80334,547,52975,3.5,1194817581
80337,547,53123,4.0,1181438556
80338,547,53133,2.5,1179447948
80339,547,53322,3.0,1194915472
80341,547,53972,3.5,1185672148
80343,547,54272,4.5,1194915458
80345,547,54513,4.0,1197088917
80347,547,55052,4.5,1199051356
80361,547,55820,4.5,1198888970
80364,547,56152,4.0,1198643704
82117,561,1,3.0,1172695347
82118,561,2,3.0,1172766441
82119,561,10,3.5,1172696467
82120,561,32,3.5,1172695179
82121,561,39,2.5,1172696829
82122,561,48,3.0,1172735128
82123,561,62,4.0,1172696487
82124,561,104,4.0,1172696470
82125,561,141,4.0,1172734877
82126,561,150,4.0,1172696363
82127,561,153,3.0,1172734836
82128,561,160,2.5,1172766203
82129,561,163,4.0,1172735075
82130,561,173,1.0,1172766335
82131,561,180,4.5,1172696115
82132,561,208,2.5,1172696710
82133,561,216,3.0,1172696508
82134,561,223,5.0,1172696101
82135,561,231,3.0,1172734849
82136,561,235,5.0,1172695438
82137,561,236,3.5,1172735137
82138,561,260,4.5,1172695175
82139,561,293,4.0,1172696171
82140,561,296,4.5,1172694828
82141,561,317,3.0,1172734981
82142,561,327,2.5,1172694648
82143,561,329,3.0,1172695285
82144,561,355,1.5,1172694579
82145,561,356,3.5,1172696276
82146,561,364,4.0,1172696434
82147,561,367,3.5,1172734851
82148,561,368,4.0,1172766139
82149,561,370,3.5,1172735044
82150,561,377,3.0,1172696473
82151,561,380,3.0,1172696464
82152,561,410,3.0,1172734918
82153,561,466,4.0,1172735067
82154,561,480,4.0,1172695258
82155,561,500,3.0,1172734846
82156,561,527,4.0,1172734820
82157,561,551,4.0,1172734973
82158,561,552,4.0,1172735183
82159,561,586,3.0,1172696521
82160,561,588,3.5,1172696432
82161,561,592,4.0,1172696301
82162,561,593,4.5,1172695985
82163,561,594,2.0,1172766005
82164,561,595,3.5,1172696436
82165,561,596,1.5,1172694531
82166,561,648,3.5,1172734825
82167,561,733,4.0,1172695602
82168,561,780,3.0,1172695279
82169,561,783,3.0,1172694552
82170,561,802,3.0,1172735152
82171,561,832,2.0,1172766452
82172,561,908,3.5,1172735036
82173,561,919,3.0,1172734905
82174,561,923,4.0,1172696205
82175,561,924,3.5,1172695223
82176,561,1020,3.5,1172696514
82177,561,1022,1.0,1172694602
82178,561,1028,3.5,1172735241
82179,561,1031,2.0,1172696505
82180,561,1035,2.5,1172696454
82181,561,1042,3.5,1172696494
82182,561,1059,3.5,1172766557
82183,561,1073,4.0,1172696380
82184,561,1079,3.5,1172734939
82185,561,1084,5.0,1172766480
82186,561,1089,5.0,1172694831
82187,561,1097,3.0,1172695251
82188,561,1101,4.0,1172696448
82189,561,1136,4.5,1172696178
82190,561,1196,5.0,1172695167
82191,561,1197,4.5,1172696180
82192,561,1198,4.0,1172695997
82193,561,1200,4.0,1172695189
82194,561,1207,3.5,1172766196
82195,561,1210,4.5,1172695197
82196,561,1214,4.5,1172695186
82197,561,1215,4.0,1172694545
82198,561,1247,4.5,1172696220
82199,561,1265,3.5,1172695336
82200,561,1270,4.0,1172695218
82201,561,1274,3.5,1172734409
82202,561,1275,4.0,1172734462
82203,561,1278,4.5,1172735063
82204,561,1282,3.0,1172694549
82205,561,1285,4.0,1172696817
82206,561,1288,3.0,1172766172
82207,561,1291,4.5,1172696005
82208,561,1302,4.5,1172696365
82209,561,1307,4.0,1172696372
82210,561,1345,3.0,1172696827
82211,561,1377,3.0,1172766491
82212,561,1380,3.0,1172696834
82213,561,1391,3.0,1172696559
82214,561,1517,4.0,1172696400
82215,561,1527,3.0,1172695229
82216,561,1552,3.5,1172695608
82217,561,1562,2.5,1172694877
82218,561,1573,4.0,1172695575
82219,561,1580,3.0,1172695262
82220,561,1608,3.0,1172735144
82221,561,1610,4.0,1172696231
82222,561,1617,4.0,1172734871
82223,561,1639,4.0,1172696117
82224,561,1645,3.5,1172696764
82225,561,1653,4.0,1172694870
82226,561,1676,3.5,1172735107
82227,561,1682,4.5,1172696336
82228,561,1722,3.0,1172766467
82229,561,1747,3.5,1172696410
82230,561,1777,3.5,1172696416
82231,561,1784,4.0,1172696371
82232,561,1835,3.5,1172695572
82233,561,1917,3.0,1172695820
82234,561,1968,4.0,1172695785
82235,561,2006,3.0,1172735249
82236,561,2012,3.5,1172695372
82237,561,2028,3.5,1172696746
82238,561,2054,4.0,1172696555
82239,561,2081,2.5,1172735147
82240,561,2105,4.5,1172694596
82241,561,2115,4.0,1172734985
82242,561,2174,4.0,1172734969
82243,561,2273,3.5,1172766420
82244,561,2291,5.0,1172695436
82245,561,2294,2.5,1172695424
82246,561,2324,3.5,1172735070
82247,561,2353,3.5,1172696450
82248,561,2355,3.5,1172695421
82249,561,2396,3.5,1172695696
82250,561,2502,4.0,1172766249
82251,561,2571,4.5,1172695054
82252,561,2605,3.0,1172694616
82253,561,2617,3.0,1172696722
82254,561,2628,3.5,1172695305
82255,561,2657,4.0,1172735172
82256,561,2683,3.5,1172696500
82257,561,2692,4.0,1172695331
82258,561,2700,3.0,1172696296
82259,561,2701,3.5,1172766135
82260,561,2706,3.0,1172695723
82261,561,2710,2.0,1172696885
82262,561,2716,4.5,1172696903
82263,561,2746,3.5,1172766597
82264,561,2770,3.0,1172766232
82265,561,2791,3.0,1172766216
82266,561,2797,4.0,1172696442
82267,561,2804,3.0,1172766088
82268,561,2916,3.0,1172766029
82269,561,2918,4.0,1172696801
82270,561,2947,4.0,1172694582
82271,561,2953,2.5,1172696571
82272,561,2959,4.5,1172695028
82273,561,2971,4.0,1172736431
82274,561,2993,4.0,1172734452
82275,561,2997,4.0,1172696187
82276,561,3000,4.5,1172734348
82277,561,3033,5.0,1172766409
82278,561,3034,4.5,1172696345
82279,561,3052,4.0,1172696119
82280,561,3081,4.0,1172695444
82281,561,3107,2.0,1172694630
82282,561,3114,3.0,1172695416
82283,561,3175,3.0,1172694522
82284,561,3275,4.5,1172695142
82285,561,3301,3.0,1172695763
82286,561,3361,3.5,1172694634
82287,561,3438,4.5,1172696566
82288,561,3439,4.5,1172696568
82289,561,3552,4.0,1172736400
82290,561,3578,3.5,1172696218
82291,561,3623,3.0,1172696694
82292,561,3671,4.5,1172734423
82293,561,3686,5.0,1173150744
82294,561,3717,3.0,1172695577
82295,561,3793,4.0,1172695232
82296,561,3911,3.5,1172696268
82297,561,3948,3.0,1172696677
82298,561,3977,3.0,1172696549
82299,561,3994,1.5,1172694561
82300,561,3996,4.5,1172696201
82301,561,4018,3.5,1172766183
82302,561,4025,3.0,1172766108
82303,561,4226,3.0,1172696679
82304,561,4270,3.0,1172766258
82305,561,4306,3.5,1172696334
82306,561,4308,4.0,1172696315
82307,561,4367,3.5,1172766294
82308,561,4446,1.0,1172766285
82309,561,4545,3.5,1172696540
82310,561,4643,2.5,1172766051
82311,561,4734,3.0,1172696121
82312,561,4844,4.5,1172695799
82313,561,4878,4.5,1172695328
82314,561,4896,4.0,1172696890
82315,561,4963,5.0,1172735102
82316,561,4973,3.5,1172696175
82317,561,4974,3.0,1172696843
82318,561,4993,5.0,1172736311
82319,561,5066,3.0,1172696839
82320,561,5218,3.0,1172766387
82321,561,5299,3.0,1172696492
82322,561,5349,4.0,1172696349
82323,561,5378,3.0,1172695290
82324,561,5418,3.5,1172734414
82325,561,5502,2.0,1172766239
82326,561,5528,3.5,1172736425
82327,561,5617,2.5,1172696248
82328,561,5618,4.0,1172695042
82329,561,5630,4.0,1172766362
82330,561,5785,3.0,1172696525
82331,561,5816,4.0,1172696376
82332,561,5872,3.0,1172766277
82333,561,5952,5.0,1172736312
82334,561,5956,4.0,1172766102
82335,561,5971,4.0,1172734541
82336,561,5991,4.5,1172766072
82337,561,6157,2.5,1172696127
82338,561,6333,3.5,1172695200
82339,561,6365,3.0,1172696692
82340,561,6373,3.5,1172696511
82341,561,6502,4.0,1172696873
82342,561,6503,3.0,1172696551
82343,561,6539,4.5,1172695413
82344,561,6541,3.5,1172766373
82345,561,6709,4.0,1172695501
82346,561,6711,2.0,1172696239
82347,561,6857,3.5,1172734407
82348,561,6863,4.0,1172695246
82349,561,6874,4.5,1172694555
82350,561,6934,2.5,1172696767
82351,561,6942,4.0,1172695670
82352,561,6979,3.0,1172766327
82353,561,7022,4.5,1172734381
82354,561,7090,4.0,1172734378
82355,561,7099,5.0,1172695213
82356,561,7153,5.0,1172695107
82357,561,7254,3.0,1172695353
82358,561,7324,4.0,1172736335
82359,561,7361,4.0,1172695171
82360,561,7366,3.5,1172696123
82361,561,7373,4.0,1172766495
82362,561,7438,4.5,1172694833
82363,561,7451,4.0,1172696419
82364,561,7458,3.5,1172766244
82365,561,8368,4.0,1172695342
82366,561,8376,2.0,1172696822
82367,561,8464,3.5,1172696252
82368,561,8528,4.0,1172696459
82369,561,8622,1.0,1172696308
82370,561,8636,3.5,1172696328
82371,561,8641,4.0,1172696395
82372,561,8784,3.5,1172696697
82373,561,8874,4.0,1172734393
82374,561,8961,4.5,1172695405
82375,561,8972,4.0,1172695569
82376,561,8984,4.0,1172766397
82377,561,27660,4.0,1172766562
82378,561,27801,3.5,1172734420
82379,561,30707,3.0,1172696742
82380,561,30793,3.5,1172696683
82381,561,31878,4.0,1172734402
82382,561,32587,3.5,1172695135
82383,561,33004,3.5,1172695268
82384,561,33493,3.5,1172695238
82385,561,33679,4.0,1172766064
82386,561,33794,4.5,1172696018
82387,561,34405,4.5,1172695192
82388,561,35836,4.5,1172695676
82389,561,37386,4.0,1172695297
82390,561,37729,3.5,1172766413
82391,561,37733,4.5,1172736346
82392,561,39292,4.0,1172766019
82393,561,41566,4.0,1172696687
82394,561,43928,2.5,1172695310
82395,561,44191,4.0,1172695184
82396,561,44195,4.0,1172766180
82397,561,44665,4.5,1172695119
82398,561,45431,3.5,1172695788
82399,561,45499,4.0,1172695254
82400,561,45722,4.5,1172695487
82401,561,45728,4.5,1172696103
82402,561,46530,3.5,1172696383
82403,561,46965,2.5,1172696050
82404,561,46972,4.0,1172694996
82405,561,48385,2.0,1172696738
82406,561,48516,4.0,1172694895
82407,561,49272,4.5,1172696024
82408,561,49396,4.0,1172694907
82409,561,49651,4.0,1172694791
82410,561,51077,4.0,1172695581
82411,561,51662,4.5,1173621733
82412,561,52245,4.0,1177213836
86575,580,502,1.5,1168658737
86606,580,704,2.0,1168658729
86801,580,1809,3.5,1168658352
86894,580,2422,1.5,1168658732
86910,580,2609,4.0,1168658443
86936,580,2793,2.0,1168657891
86947,580,2924,4.5,1168658537
86988,580,3310,4.0,1168658398
87017,580,3692,3.0,1168657941
87034,580,3972,4.5,1168658500
87067,580,4438,4.0,1168657915
87068,580,4440,4.0,1168658706
87073,580,4614,3.0,1168658724
87084,580,4846,4.0,1168658567
87091,580,4896,3.5,1168657822
87128,580,5816,3.0,1168657783
87131,580,6013,1.0,1168658139
87153,580,6722,4.0,1168658363
87172,580,6987,3.0,1168658242
87175,580,7036,3.0,1168657950
87196,580,7844,3.0,1168658309
87204,580,8368,4.0,1168657819
87273,580,40815,3.0,1168657808
87293,580,46578,4.0,1168657741
89807,596,44555,5.0,1183906550
89808,596,48394,4.5,1183906582
89809,596,48516,4.0,1183906557
93555,624,135,2.0,1178982000
93605,624,471,4.0,1178980875
93655,624,818,3.5,1178981107
93658,624,880,1.5,1170357662
93671,624,1021,2.0,1178982112
93694,624,1101,2.5,1178981120
93701,624,1171,4.0,1178980929
93746,624,1376,2.0,1178981694
93768,624,1485,2.5,1198865886
93790,624,1665,3.0,1178981412
93837,624,2027,2.0,1178981888
93895,624,2376,2.5,1173560581
93972,624,2788,4.0,1178980946
94025,624,3082,3.5,1173560585
94083,624,3527,1.0,1189358111
94092,624,3593,1.0,1173725692
94101,624,3635,4.0,1173560529
94102,624,3638,3.0,1173560567
94104,624,3646,3.0,1178981400
94114,624,3717,2.0,1178981944
94142,624,3933,0.5,1191614594
94152,624,3984,3.5,1173560541
94245,624,4621,2.0,1178981891
94253,624,4662,3.0,1178981173
94256,624,4678,3.5,1178981100
94259,624,4686,2.0,1178981559
94261,624,4718,3.0,1178981442
94266,624,4775,0.5,1183909175
94286,624,4952,2.0,1178981850
94298,624,5055,3.0,1171627869
94306,624,5246,2.0,1178981711
94308,624,5248,1.5,1178981709
94323,624,5401,1.0,1178982196
94333,624,5463,2.0,1171203561
94355,624,5669,4.0,1178981006
94362,624,5872,2.5,1173560547
94377,624,6104,4.0,1168120566
94379,624,6157,1.5,1178982323
94406,624,6537,1.5,1175972047
94411,624,6582,2.0,1190622002
94441,624,7016,1.0,1178980613
94467,624,7569,3.0,1173560543
94468,624,7570,2.5,1173560573
94469,624,7573,2.5,1173560570
94471,624,7757,4.0,1168120709
94506,624,8880,2.0,1178981879
94520,624,26464,3.0,1171203513
94521,624,26700,2.5,1182417809
94522,624,26750,3.0,1177618482
94525,624,27831,3.5,1182417918
94531,624,30825,2.5,1183206154
94541,624,33679,2.0,1168196708
94544,624,34018,3.0,1171203494
94553,624,37211,3.0,1171203485
94554,624,37386,1.0,1176028700
94558,624,39183,3.0,1171748674
94559,624,39444,3.0,1184426926
94560,624,40278,3.5,1169333691
94565,624,44191,3.0,1183289054
94571,624,45447,2.0,1185655622
94575,624,45722,2.5,1179061367
94578,624,46530,2.5,1189284657
94580,624,46970,2.0,1192085518
94583,624,47044,1.5,1180296227
94584,624,47640,2.5,1191104574
94585,624,47810,1.0,1180460260
94590,624,48516,4.0,1192374218
94593,624,49272,4.5,1168196899
94596,624,49649,1.0,1192302220
94601,624,50068,4.0,1172235963
94605,624,51255,4.5,1177618474
94606,624,51412,1.0,1199121390
94608,624,51662,3.0,1196096451
94610,624,52722,3.0,1178305601
94612,624,52975,3.5,1183072734
94613,624,53125,2.0,1179784344
94617,624,54272,4.0,1198524288
94618,624,54286,3.5,1198524298
96741,648,97,4.5,1182033732
96750,648,356,4.5,1176754950
96763,648,750,4.0,1184360319
96769,648,912,4.0,1183325856
96770,648,923,2.5,1183068262
96774,648,1201,4.0,1184449576
96776,648,1208,2.0,1169941061
96780,648,1228,3.5,1183670308
96781,648,1246,4.0,1168121690
96782,648,1263,2.0,1169327892
96784,648,1281,4.5,1176069418
96803,648,2324,4.5,1175726033
96814,648,2677,2.5,1191621076
96817,648,2843,4.0,1172268394
96822,648,3235,4.0,1176241208
96825,648,3306,4.0,1176328041
96826,648,3307,4.5,1176754888
96827,648,3310,3.5,1177190151
96830,648,3462,4.5,1177190204
96832,648,3559,4.0,1176421721
96833,648,3629,4.0,1176155318
96834,648,3632,3.5,1176625753
96835,648,3640,3.5,1176504562
96847,648,4816,3.5,1185137669
96859,648,5785,3.5,1175716739
96865,648,6022,4.0,1175638550
96879,648,6884,4.0,1187816389
96894,648,8511,4.0,1176571215
96896,648,8577,4.0,1175459933
96899,648,8645,4.0,1189807401
96913,648,27875,4.0,1199049186
96918,648,32853,1.5,1171744826
96929,648,44555,2.5,1174253095
96933,648,45950,3.0,1174689194
96934,648,46972,2.5,1174170254
96936,648,47997,2.0,1171391067
96937,648,47999,3.5,1173213056
96940,648,48394,2.0,1174773455
96941,648,48593,4.0,1168121642
96942,648,48738,4.0,1173568944
96945,648,49530,4.0,1173481752
96947,648,51662,2.5,1175725718
96950,648,54272,4.5,1187027148
98623,661,318,5.0,1190266808
98624,661,481,3.5,1190265639
98625,661,527,4.5,1190266805
98626,661,637,0.5,1190265552
98627,661,678,2.5,1190266880
98628,661,1019,4.5,1190265564
98629,661,1020,2.5,1190265600
98630,661,1027,1.0,1190265513
98631,661,1049,3.5,1190265636
98632,661,1077,4.5,1190265521
98633,661,1103,4.5,1190265653
98634,661,1185,5.0,1190265644
98635,661,1242,4.5,1190266708
98636,661,1259,4.0,1190266599
98637,661,1263,4.5,1190266665
98638,661,1296,2.5,1190265547
98639,661,1704,5.0,1190266672
98640,661,1958,4.0,1190265661
98641,661,1965,4.0,1190265583
98642,661,2013,4.0,1190265651
98643,661,2352,3.0,1190265500
98644,661,2686,4.5,1190265657
98645,661,3198,4.5,1190266589
98646,661,3363,4.0,1190265536
98647,661,3552,4.5,1190266004
98648,661,4262,3.5,1190266801
98649,661,4483,0.5,1190266014
98650,661,5952,5.0,1190266738
98651,661,6104,5.0,1190266644
98652,661,7153,5.0,1190266638
98653,661,8961,4.0,1190266732
98654,661,46578,5.0,1190266632
98655,661,48516,4.0,1190266565
